order_id,brand_name,product_type,fabric_type,quantity,gsm,factory_id,current_load,return_rate,shrink_rate,brand_rating,defect_rate,actual_days,fabric_category,fabric_quality_score
1,Brand_015,T-shirt,Blend,1176,370,F1,0.81,0.068,0.021,3.7,0.04,15.1,High,8.1
2,Brand_003,Pants,Blend,1735,357,F2,0.81,0.095,0.01,5.0,0.06,17.2,High,8.1
3,Brand_003,Jacket,Polyester,1234,121,F2,0.3,0.022,0.047,4.1,0.06,10.1,Low,8.2
4,Brand_014,Hoodie,Cotton,1007,150,F2,0.57,0.099,0.043,4.8,0.06,11.0,Low,8.8
5,Brand_049,Sweater,Wool,696,120,F3,0.62,0.021,0.076,4.3,0.03,8.6,Low,7.1
6,Brand_008,Jacket,Nylon,947,191,F2,0.61,0.03,0.045,3.6,0.06,11.5,Medium,5.7
7,Brand_024,Hoodie,French Terry,255,180,F1,0.48,0.073,0.032,4.3,0.04,7.0,Medium,6.6
8,Brand_044,Sweater,Wool,752,317,F2,0.61,0.052,0.075,4.6,0.06,12.2,High,7.1
9,Brand_018,Dress,Silk,1344,314,F2,0.66,0.097,0.069,4.6,0.06,15.5,High,9.7
10,Brand_008,Jeans,Denim,266,351,F1,0.72,0.042,0.031,3.7,0.04,11.1,High,9.0
11,Brand_042,Skirt,Cotton,1930,108,F2,0.84,0.036,0.01,4.7,0.06,15.6,Low,8.8
12,Brand_016,Skirt,Cotton,338,360,F1,0.95,0.072,0.074,4.8,0.04,12.5,High,8.8
13,Brand_002,Jeans,Denim,829,132,F3,0.34,0.045,0.033,4.6,0.03,8.3,Low,9.0
14,Brand_022,Jeans,Denim,1010,326,F2,0.38,0.077,0.063,4.3,0.06,12.1,High,9.0
15,Brand_041,Pants,Cotton,816,382,F2,0.67,0.054,0.012,3.7,0.06,13.3,High,8.8
16,Brand_029,T-shirt,Cotton,613,195,F2,0.79,0.031,0.052,4.3,0.06,11.2,Medium,8.8
17,Brand_002,Hoodie,French Terry,590,135,F1,0.96,0.068,0.059,4.8,0.04,10.0,Low,6.6
18,Brand_042,Sweater,Cotton,1062,233,F2,0.62,0.037,0.039,4.8,0.06,12.8,Medium,8.8
19,Brand_041,T-shirt,Cotton,1713,330,F1,0.93,0.042,0.055,3.5,0.04,15.6,High,8.8
20,Brand_025,Pants,Cotton,759,236,F1,0.64,0.075,0.029,3.9,0.04,10.2,Medium,8.8
21,Brand_016,T-shirt,Blend,1900,259,F2,0.66,0.076,0.035,5.0,0.06,14.7,High,8.1
22,Brand_030,Jeans,Denim,1698,180,F3,0.49,0.098,0.039,3.5,0.03,12.0,Medium,9.0
23,Brand_022,Shorts,Cotton,1809,324,F3,0.74,0.074,0.047,4.2,0.03,16.1,High,8.8
24,Brand_031,Shorts,Cotton,1512,302,F3,0.56,0.039,0.066,4.2,0.03,13.6,High,8.8
25,Brand_029,T-shirt,Cotton,1683,297,F1,0.58,0.085,0.066,3.7,0.04,15.0,High,8.8
26,Brand_003,Sweater,Cotton,1844,247,F3,0.53,0.038,0.06,4.7,0.03,13.4,Medium,8.8
27,Brand_035,Dress,Polyester,1221,298,F3,0.42,0.075,0.037,4.9,0.03,11.1,High,8.2
28,Brand_015,Jeans,Denim,522,250,F1,0.68,0.076,0.026,3.8,0.04,9.8,Medium,9.0
29,Brand_033,Sweater,Wool,673,159,F1,0.48,0.1,0.078,4.3,0.04,8.8,Medium,7.1
30,Brand_017,Skirt,Cotton,1306,198,F3,0.79,0.088,0.07,4.1,0.03,12.5,Medium,8.8
31,Brand_050,Skirt,Silk,1746,215,F3,0.36,0.033,0.073,4.4,0.03,12.0,Medium,9.7
32,Brand_018,Jeans,Denim,871,262,F3,0.76,0.038,0.06,3.9,0.03,10.8,High,9.0
33,Brand_004,Dress,Cotton,1350,234,F2,0.8,0.045,0.048,4.3,0.06,13.6,Medium,8.8
34,Brand_015,Jacket,Leather,1743,137,F3,0.99,0.059,0.073,4.2,0.03,14.6,Low,9.1
35,Brand_039,Jacket,Polyester,1350,385,F2,0.75,0.074,0.07,3.8,0.06,16.9,High,8.2
36,Brand_007,Hoodie,Cotton,1265,148,F3,0.33,0.1,0.043,3.9,0.03,9.4,Low,8.8
37,Brand_040,T-shirt,Blend,567,198,F2,0.82,0.096,0.033,4.3,0.06,11.5,Medium,8.1
38,Brand_040,Shorts,Cotton,1189,290,F3,0.51,0.035,0.029,4.2,0.03,11.5,High,8.8
39,Brand_025,Hoodie,French Terry,67,380,F1,0.58,0.088,0.075,3.6,0.04,9.8,High,6.6
40,Brand_017,Skirt,Cotton,1736,226,F3,0.66,0.09,0.062,4.5,0.03,12.9,Medium,8.8
41,Brand_027,Skirt,Silk,1884,345,F1,0.55,0.043,0.067,4.7,0.04,15.3,High,9.7
42,Brand_010,Jeans,Denim,734,119,F1,0.75,0.076,0.066,4.8,0.04,11.9,Low,9.0
43,Brand_028,Sweater,Cotton,520,242,F1,0.56,0.028,0.05,3.6,0.04,10.7,Medium,8.8
44,Brand_030,Hoodie,Cotton,1198,249,F3,0.71,0.022,0.013,4.7,0.03,11.2,Medium,8.8
45,Brand_007,Dress,Polyester,1127,200,F3,0.67,0.082,0.025,4.4,0.03,12.4,Medium,8.2
46,Brand_013,Jeans,Denim,872,243,F3,0.98,0.061,0.033,4.7,0.03,13.3,Medium,9.0
47,Brand_042,Pants,Blend,880,374,F2,0.61,0.026,0.012,4.9,0.06,13.4,High,8.1
48,Brand_017,Hoodie,Cotton,1062,228,F3,0.42,0.033,0.028,4.3,0.03,10.5,Medium,8.8
49,Brand_007,Sweater,Wool,609,188,F2,0.76,0.042,0.077,4.6,0.06,12.2,Medium,7.1
50,Brand_049,Hoodie,Cotton,296,175,F1,0.7,0.033,0.018,4.0,0.04,9.4,Medium,8.8
51,Brand_026,Jacket,Polyester,1293,168,F2,0.37,0.045,0.079,3.8,0.06,11.0,Medium,8.2
52,Brand_012,Skirt,Silk,1327,321,F2,0.75,0.024,0.076,4.8,0.06,15.3,High,9.7
53,Brand_004,Jeans,Denim,1253,322,F2,0.31,0.095,0.045,4.3,0.06,12.8,High,9.0
54,Brand_002,T-shirt,Polyester,385,346,F2,0.96,0.089,0.055,4.7,0.06,13.7,High,8.2
55,Brand_026,Pants,Cotton,1981,277,F2,0.7,0.03,0.067,4.7,0.06,16.8,High,8.8
56,Brand_012,Jacket,Leather,1241,142,F3,0.44,0.026,0.017,3.5,0.03,10.1,Low,9.1
57,Brand_026,T-shirt,Cotton,548,341,F2,0.78,0.026,0.032,4.8,0.06,12.2,High,8.8
58,Brand_024,Pants,Polyester,1574,213,F1,0.74,0.09,0.061,4.7,0.04,13.5,Medium,8.2
59,Brand_046,Shorts,Denim,810,263,F2,0.42,0.08,0.066,5.0,0.06,9.9,High,9.0
60,Brand_020,Pants,Polyester,145,251,F2,0.91,0.065,0.027,4.5,0.06,10.3,High,8.2
61,Brand_007,Pants,Cotton,328,316,F1,0.47,0.05,0.047,4.2,0.04,8.4,High,8.8
62,Brand_005,Skirt,Cotton,1092,276,F1,0.34,0.097,0.069,4.0,0.04,10.3,High,8.8
63,Brand_046,Jeans,Denim,1869,305,F2,0.77,0.059,0.045,3.6,0.06,16.6,High,9.0
64,Brand_031,Jeans,Denim,997,152,F1,0.85,0.083,0.016,4.2,0.04,11.3,Medium,9.0
65,Brand_050,T-shirt,Polyester,984,322,F3,0.34,0.079,0.048,4.6,0.03,10.3,High,8.2
66,Brand_022,Pants,Cotton,1303,106,F3,0.6,0.038,0.038,4.8,0.03,10.5,Low,8.8
67,Brand_027,Sweater,Wool,1267,104,F1,0.66,0.039,0.051,4.8,0.04,11.0,Low,7.1
68,Brand_016,Jeans,Denim,1400,316,F2,0.71,0.048,0.06,4.2,0.06,15.0,High,9.0
69,Brand_042,Skirt,Silk,925,281,F3,0.79,0.04,0.033,4.2,0.03,11.7,High,9.7
70,Brand_044,Hoodie,French Terry,1711,157,F1,0.82,0.081,0.068,4.6,0.04,13.2,Medium,6.6
71,Brand_007,T-shirt,Cotton,436,289,F1,0.58,0.058,0.016,4.3,0.04,10.5,High,8.8
72,Brand_041,Jeans,Denim,734,259,F3,0.69,0.046,0.013,4.9,0.03,10.4,High,9.0
73,Brand_009,Hoodie,Cotton,813,328,F2,0.48,0.076,0.015,3.7,0.06,11.4,High,8.8
74,Brand_019,Skirt,Cotton,1586,153,F1,0.71,0.092,0.013,3.9,0.04,12.5,Medium,8.8
75,Brand_013,Jacket,Leather,785,371,F3,0.92,0.056,0.053,3.9,0.03,12.9,High,9.1
76,Brand_028,Jeans,Denim,747,277,F1,0.49,0.049,0.028,4.2,0.04,9.6,High,9.0
77,Brand_043,Jeans,Denim,1008,244,F1,0.5,0.053,0.052,3.9,0.04,10.8,Medium,9.0
78,Brand_031,Pants,Polyester,758,109,F3,0.95,0.089,0.013,3.5,0.03,10.8,Low,8.2
79,Brand_050,Pants,Cotton,1874,164,F3,0.64,0.099,0.036,4.6,0.03,13.8,Medium,8.8
80,Brand_042,Sweater,Acrylic,738,197,F3,0.33,0.031,0.011,3.6,0.03,8.0,Medium,9.2
81,Brand_025,Skirt,Polyester,525,296,F2,1.0,0.1,0.049,4.7,0.06,13.0,High,8.2
82,Brand_002,Jeans,Denim,1951,100,F3,0.97,0.068,0.026,4.5,0.03,13.7,Low,9.0
83,Brand_012,Pants,Cotton,1873,133,F2,0.55,0.029,0.057,4.3,0.06,13.8,Low,8.8
84,Brand_005,Shorts,Cotton,317,153,F2,0.98,0.027,0.065,4.4,0.06,11.7,Medium,8.8
85,Brand_047,Hoodie,French Terry,816,306,F1,0.85,0.071,0.066,4.9,0.04,12.7,High,6.6
86,Brand_001,Pants,Polyester,1379,197,F3,0.75,0.064,0.016,4.6,0.03,12.4,Medium,8.2
87,Brand_024,Jacket,Leather,298,265,F1,0.62,0.093,0.031,4.3,0.04,9.8,High,9.1
88,Brand_011,Hoodie,Fleece,187,283,F1,0.89,0.082,0.015,3.6,0.04,10.8,High,8.0
89,Brand_021,Shorts,Polyester,1847,152,F2,0.54,0.037,0.051,4.0,0.06,12.7,Medium,8.2
90,Brand_040,Dress,Polyester,897,194,F2,0.58,0.076,0.023,4.5,0.06,12.2,Medium,8.2
91,Brand_001,Sweater,Acrylic,330,294,F2,0.91,0.061,0.078,4.4,0.06,12.3,High,9.2
92,Brand_019,Dress,Polyester,1539,191,F2,0.54,0.023,0.048,4.3,0.06,12.9,Medium,8.2
93,Brand_021,Jacket,Nylon,573,145,F1,0.55,0.06,0.058,3.6,0.04,9.0,Low,5.7
94,Brand_042,Pants,Blend,288,155,F3,0.91,0.094,0.014,3.9,0.03,9.8,Medium,8.1
95,Brand_030,Skirt,Polyester,1330,107,F2,0.82,0.035,0.025,4.1,0.06,14.2,Low,8.2
96,Brand_002,Sweater,Acrylic,127,315,F3,0.8,0.025,0.02,3.7,0.03,9.5,High,9.2
97,Brand_031,Dress,Silk,1076,210,F2,0.89,0.08,0.012,4.8,0.06,13.0,Medium,9.7
98,Brand_008,Skirt,Polyester,1265,218,F2,0.56,0.022,0.033,3.8,0.06,11.8,Medium,8.2
99,Brand_019,Sweater,Cotton,1547,225,F3,0.38,0.091,0.052,4.5,0.03,11.4,Medium,8.8
100,Brand_039,Skirt,Polyester,160,327,F3,0.68,0.067,0.062,4.1,0.03,10.0,High,8.2
101,Brand_025,Pants,Blend,644,141,F2,0.5,0.049,0.055,4.4,0.06,8.8,Low,8.1
102,Brand_002,Jeans,Denim,711,376,F2,0.41,0.04,0.021,3.8,0.06,11.9,High,9.0
103,Brand_005,Hoodie,Cotton,1903,194,F1,0.34,0.087,0.014,3.5,0.04,12.7,Medium,8.8
104,Brand_044,T-shirt,Polyester,124,103,F3,0.3,0.098,0.044,4.6,0.03,5.5,Low,8.2
105,Brand_033,Hoodie,Cotton,623,293,F2,0.69,0.066,0.03,4.7,0.06,11.6,High,8.8
106,Brand_049,Pants,Blend,1860,311,F1,0.66,0.039,0.018,4.4,0.04,14.7,High,8.1
107,Brand_026,Jacket,Leather,369,137,F1,0.71,0.032,0.044,4.3,0.04,8.7,Low,9.1
108,Brand_043,Skirt,Silk,59,360,F3,0.34,0.099,0.033,4.7,0.03,7.4,High,9.7
109,Brand_048,Shorts,Denim,370,200,F1,0.3,0.029,0.043,4.4,0.04,7.2,Medium,9.0
110,Brand_035,Jeans,Denim,1654,335,F2,0.59,0.095,0.079,3.8,0.06,15.3,High,9.0
111,Brand_041,Sweater,Cotton,1620,100,F3,0.82,0.066,0.069,3.7,0.03,12.3,Low,8.8
112,Brand_002,Jeans,Denim,847,390,F1,0.41,0.085,0.057,4.3,0.04,11.7,High,9.0
113,Brand_046,Skirt,Cotton,181,188,F1,0.91,0.051,0.067,4.2,0.04,9.3,Medium,8.8
114,Brand_019,T-shirt,Polyester,471,122,F1,0.61,0.066,0.035,4.1,0.04,7.3,Low,8.2
115,Brand_045,Pants,Cotton,870,203,F2,0.46,0.063,0.04,4.0,0.06,11.1,Medium,8.8
116,Brand_028,T-shirt,Blend,1573,114,F2,0.92,0.06,0.062,4.4,0.06,14.9,Low,8.1
117,Brand_040,T-shirt,Polyester,206,137,F2,0.83,0.077,0.065,3.7,0.06,9.9,Low,8.2
118,Brand_048,Shorts,Polyester,566,222,F3,0.83,0.028,0.048,4.1,0.03,9.9,Medium,8.2
119,Brand_005,Jacket,Leather,1950,315,F3,0.72,0.06,0.048,4.2,0.03,16.1,High,9.1
120,Brand_049,Pants,Blend,1484,194,F2,0.72,0.065,0.06,4.4,0.06,13.6,Medium,8.1
121,Brand_046,Jacket,Nylon,1733,110,F1,0.97,0.047,0.026,4.1,0.04,14.7,Low,5.7
122,Brand_013,Jeans,Denim,267,240,F3,0.4,0.028,0.028,4.6,0.03,6.6,Medium,9.0
123,Brand_027,Pants,Polyester,732,232,F1,0.95,0.077,0.021,4.4,0.04,11.4,Medium,8.2
124,Brand_008,Shorts,Polyester,1102,395,F3,0.89,0.093,0.019,3.9,0.03,15.1,High,8.2
125,Brand_045,Pants,Cotton,1419,209,F3,0.43,0.087,0.033,4.0,0.03,11.3,Medium,8.8
126,Brand_015,Jeans,Denim,1504,236,F3,0.44,0.083,0.052,3.7,0.03,11.0,Medium,9.0
127,Brand_019,Hoodie,Cotton,293,124,F1,0.9,0.094,0.043,4.2,0.04,9.4,Low,8.8
128,Brand_037,Jeans,Denim,1004,350,F3,0.4,0.034,0.045,4.1,0.03,11.3,High,9.0
129,Brand_002,Dress,Cotton,1929,260,F2,0.55,0.066,0.054,3.5,0.06,14.7,High,8.8
130,Brand_031,T-shirt,Blend,1157,276,F2,0.69,0.089,0.047,3.8,0.06,13.7,High,8.1
131,Brand_004,Jeans,Denim,376,356,F2,0.52,0.052,0.04,4.7,0.06,10.6,High,9.0
132,Brand_019,Sweater,Cotton,1378,385,F2,0.89,0.067,0.031,4.6,0.06,15.2,High,8.8
133,Brand_021,Sweater,Acrylic,1059,293,F2,0.67,0.058,0.045,4.6,0.06,13.1,High,9.2
134,Brand_003,Shorts,Polyester,104,230,F1,0.56,0.042,0.055,4.1,0.04,7.7,Medium,8.2
135,Brand_006,T-shirt,Polyester,136,154,F3,0.41,0.077,0.056,3.5,0.03,5.8,Medium,8.2
136,Brand_039,Skirt,Silk,492,354,F3,0.31,0.028,0.066,3.8,0.03,8.5,High,9.7
137,Brand_035,Sweater,Acrylic,1682,191,F1,0.47,0.028,0.027,4.6,0.04,12.6,Medium,9.2
138,Brand_025,Pants,Polyester,501,264,F2,0.4,0.053,0.033,3.6,0.06,9.8,High,8.2
139,Brand_009,Jeans,Denim,379,362,F1,0.82,0.088,0.019,4.8,0.04,12.3,High,9.0
140,Brand_022,Jacket,Nylon,1970,296,F2,0.54,0.041,0.037,4.4,0.06,16.1,High,5.7
141,Brand_004,Jeans,Denim,445,119,F2,0.74,0.053,0.049,4.2,0.06,9.9,Low,9.0
142,Brand_022,Jeans,Denim,903,379,F3,0.38,0.065,0.079,4.2,0.03,10.8,High,9.0
143,Brand_004,Jeans,Denim,785,308,F1,0.64,0.061,0.062,4.5,0.04,10.8,High,9.0
144,Brand_010,Shorts,Denim,1351,334,F3,0.6,0.031,0.073,4.5,0.03,12.7,High,9.0
145,Brand_039,Sweater,Cotton,854,174,F1,0.88,0.062,0.067,4.2,0.04,11.5,Medium,8.8
146,Brand_010,Skirt,Polyester,1047,175,F1,0.44,0.021,0.02,4.9,0.04,9.7,Medium,8.2
147,Brand_003,Skirt,Silk,695,318,F1,0.72,0.068,0.057,3.8,0.04,11.6,High,9.7
148,Brand_010,Sweater,Cotton,1549,289,F2,0.66,0.024,0.022,4.6,0.06,15.2,High,8.8
149,Brand_003,Jacket,Polyester,868,280,F3,0.72,0.04,0.037,3.9,0.03,12.1,High,8.2
150,Brand_003,Sweater,Cotton,856,331,F2,0.7,0.058,0.056,4.9,0.06,12.6,High,8.8
151,Brand_002,Dress,Silk,118,388,F3,0.49,0.063,0.021,4.8,0.03,9.0,High,9.7
152,Brand_044,Jacket,Leather,1523,172,F2,0.35,0.078,0.045,4.5,0.06,11.4,Medium,9.1
153,Brand_032,Pants,Blend,91,124,F3,0.47,0.086,0.066,4.5,0.03,6.3,Low,8.1
154,Brand_017,Shorts,Polyester,324,200,F3,0.36,0.093,0.02,4.9,0.03,6.2,Medium,8.2
155,Brand_003,Jacket,Leather,1896,111,F1,0.68,0.09,0.061,4.7,0.04,14.1,Low,9.1
156,Brand_034,Jeans,Denim,759,299,F2,0.47,0.059,0.025,5.0,0.06,11.8,High,9.0
157,Brand_028,T-shirt,Cotton,1950,125,F2,0.33,0.076,0.075,3.8,0.06,13.2,Low,8.8
158,Brand_035,Hoodie,French Terry,1855,216,F3,0.81,0.035,0.018,4.1,0.03,14.6,Medium,6.6
159,Brand_030,Sweater,Wool,1550,181,F2,0.82,0.024,0.042,4.3,0.06,15.2,Medium,7.1
160,Brand_049,Shorts,Denim,1225,207,F3,0.38,0.026,0.059,4.0,0.03,10.8,Medium,9.0
161,Brand_037,Jacket,Nylon,232,138,F3,0.52,0.063,0.065,4.0,0.03,7.3,Low,5.7
162,Brand_014,Jacket,Nylon,1499,207,F2,0.46,0.022,0.071,3.5,0.06,12.9,Medium,5.7
163,Brand_029,Jacket,Leather,808,368,F1,0.67,0.095,0.066,5.0,0.04,12.9,High,9.1
164,Brand_017,Hoodie,Fleece,526,344,F2,0.64,0.066,0.029,4.1,0.06,11.5,High,8.0
165,Brand_026,T-shirt,Blend,975,164,F1,0.47,0.029,0.035,3.9,0.04,9.3,Medium,8.1
166,Brand_007,Pants,Blend,1738,292,F2,0.94,0.024,0.018,4.1,0.06,16.4,High,8.1
167,Brand_043,Shorts,Denim,1013,239,F2,0.97,0.084,0.028,4.4,0.06,14.4,Medium,9.0
168,Brand_039,Skirt,Silk,275,252,F3,0.82,0.025,0.038,4.8,0.03,9.7,High,9.7
169,Brand_019,Hoodie,Fleece,1383,342,F2,0.66,0.038,0.022,3.8,0.06,15.0,High,8.0
170,Brand_015,Jacket,Nylon,1847,104,F2,0.34,0.098,0.072,4.9,0.06,12.0,Low,5.7
171,Brand_043,Jeans,Denim,1963,340,F1,0.42,0.052,0.063,4.5,0.04,14.8,High,9.0
172,Brand_025,Jeans,Denim,830,219,F1,0.82,0.023,0.073,4.8,0.04,11.5,Medium,9.0
173,Brand_028,Skirt,Polyester,1340,204,F3,0.57,0.042,0.043,3.6,0.03,11.7,Medium,8.2
174,Brand_002,Sweater,Acrylic,1468,325,F1,0.59,0.05,0.028,4.6,0.04,13.6,High,9.2
175,Brand_035,Skirt,Silk,1675,136,F2,0.45,0.075,0.015,4.8,0.06,10.9,Low,9.7
176,Brand_006,Hoodie,Cotton,398,214,F3,0.88,0.048,0.057,4.3,0.03,9.5,Medium,8.8
177,Brand_044,Hoodie,Cotton,1822,388,F3,0.92,0.084,0.056,4.8,0.03,16.9,High,8.8
178,Brand_037,Jacket,Polyester,412,144,F3,0.79,0.074,0.053,4.6,0.03,9.2,Low,8.2
179,Brand_004,Jeans,Denim,56,232,F3,0.92,0.09,0.012,4.7,0.03,9.0,Medium,9.0
180,Brand_030,Jeans,Denim,1743,138,F3,0.41,0.085,0.068,4.3,0.03,10.9,Low,9.0
181,Brand_018,Pants,Cotton,344,323,F3,0.36,0.046,0.049,3.7,0.03,8.2,High,8.8
182,Brand_047,Dress,Polyester,516,173,F2,0.6,0.087,0.037,3.8,0.06,9.9,Medium,8.2
183,Brand_005,Shorts,Polyester,86,377,F2,0.96,0.075,0.015,4.0,0.06,12.1,High,8.2
184,Brand_009,Hoodie,French Terry,1979,292,F2,0.34,0.026,0.07,5.0,0.06,14.7,High,6.6
185,Brand_013,T-shirt,Polyester,736,384,F2,0.61,0.072,0.052,4.1,0.06,13.3,High,8.2
186,Brand_006,Sweater,Wool,508,157,F1,0.3,0.033,0.043,4.9,0.04,7.1,Medium,7.1
187,Brand_029,Jeans,Denim,1172,138,F3,0.67,0.086,0.031,4.8,0.03,10.4,Low,9.0
188,Brand_020,Jeans,Denim,1532,126,F1,0.91,0.097,0.012,4.6,0.04,13.9,Low,9.0
189,Brand_015,Jacket,Leather,352,183,F3,0.58,0.042,0.079,4.1,0.03,7.9,Medium,9.1
190,Brand_020,Jacket,Polyester,1236,380,F1,0.8,0.065,0.043,4.3,0.04,14.7,High,8.2
191,Brand_042,Shorts,Polyester,1133,244,F3,0.36,0.032,0.042,4.3,0.03,10.4,Medium,8.2
192,Brand_036,Pants,Polyester,427,145,F2,0.62,0.02,0.052,4.4,0.06,9.2,Low,8.2
193,Brand_022,Jeans,Denim,1925,327,F2,0.69,0.038,0.021,4.5,0.06,17.0,High,9.0
194,Brand_019,Sweater,Acrylic,633,163,F2,0.62,0.021,0.015,4.1,0.06,9.4,Medium,9.2
195,Brand_037,Jeans,Denim,1439,194,F2,0.81,0.073,0.063,4.9,0.06,14.3,Medium,9.0
196,Brand_040,Shorts,Polyester,1764,187,F1,0.4,0.028,0.05,3.5,0.04,12.6,Medium,8.2
197,Brand_007,Jeans,Denim,1383,185,F3,0.45,0.048,0.064,4.9,0.03,10.8,Medium,9.0
198,Brand_048,Jacket,Nylon,1818,176,F2,0.36,0.052,0.019,4.4,0.06,12.6,Medium,5.7
199,Brand_031,Sweater,Acrylic,1759,221,F2,0.86,0.036,0.022,3.7,0.06,16.5,Medium,9.2
200,Brand_007,Jacket,Nylon,1975,108,F1,0.96,0.024,0.048,4.6,0.04,15.5,Low,5.7
201,Brand_008,Dress,Cotton,1337,277,F2,0.74,0.083,0.053,4.2,0.06,14.7,High,8.8
202,Brand_029,Pants,Cotton,1463,121,F3,0.62,0.071,0.047,4.6,0.03,12.3,Low,8.8
203,Brand_011,Shorts,Polyester,1020,111,F2,0.47,0.033,0.071,3.8,0.06,10.5,Low,8.2
204,Brand_050,T-shirt,Cotton,744,387,F2,0.65,0.064,0.06,3.8,0.06,12.7,High,8.8
205,Brand_039,Shorts,Cotton,1425,158,F2,0.76,0.036,0.058,3.6,0.06,14.1,Medium,8.8
206,Brand_021,Skirt,Cotton,208,123,F1,0.6,0.048,0.036,5.0,0.04,7.5,Low,8.8
207,Brand_042,Jacket,Leather,201,149,F2,0.91,0.066,0.041,4.6,0.06,10.6,Low,9.1
208,Brand_025,Skirt,Silk,1491,361,F2,0.76,0.099,0.03,4.0,0.06,15.8,High,9.7
209,Brand_007,Pants,Blend,1716,336,F3,0.63,0.087,0.027,4.7,0.03,15.2,High,8.1
210,Brand_045,Sweater,Acrylic,1371,113,F1,0.98,0.034,0.07,4.2,0.04,12.4,Low,9.2
211,Brand_016,Skirt,Polyester,367,210,F3,0.72,0.066,0.056,3.6,0.03,8.4,Medium,8.2
212,Brand_032,Shorts,Denim,77,165,F1,0.9,0.021,0.051,4.4,0.04,9.5,Medium,9.0
213,Brand_040,Jacket,Leather,1749,386,F1,0.47,0.026,0.022,4.3,0.04,15.1,High,9.1
214,Brand_049,Pants,Cotton,1330,232,F2,0.47,0.069,0.059,3.8,0.06,12.3,Medium,8.8
215,Brand_023,Sweater,Acrylic,1357,220,F3,0.72,0.049,0.047,4.7,0.03,12.2,Medium,9.2
216,Brand_038,T-shirt,Blend,1440,306,F2,0.69,0.063,0.012,5.0,0.06,15.6,High,8.1
217,Brand_020,Skirt,Silk,1018,392,F2,0.96,0.023,0.019,4.2,0.06,15.4,High,9.7
218,Brand_038,Jeans,Denim,1058,278,F1,0.33,0.032,0.079,4.9,0.04,10.8,High,9.0
219,Brand_023,Dress,Polyester,1884,225,F2,0.97,0.071,0.071,4.2,0.06,15.7,Medium,8.2
220,Brand_024,Jeans,Denim,1501,393,F1,0.4,0.022,0.032,4.6,0.04,15.0,High,9.0
221,Brand_039,Dress,Cotton,795,107,F1,0.98,0.028,0.057,4.2,0.04,11.1,Low,8.8
222,Brand_037,Dress,Polyester,1875,292,F2,0.89,0.096,0.058,4.2,0.06,17.1,High,8.2
223,Brand_047,Jeans,Denim,1218,125,F3,0.91,0.066,0.012,4.9,0.03,12.5,Low,9.0
224,Brand_030,Pants,Cotton,1220,386,F1,0.76,0.052,0.056,3.7,0.04,14.9,High,8.8
225,Brand_019,Skirt,Cotton,1293,291,F2,0.33,0.098,0.038,4.8,0.06,12.4,High,8.8
226,Brand_007,Jeans,Denim,538,197,F1,0.58,0.046,0.057,4.7,0.04,10.0,Medium,9.0
227,Brand_009,T-shirt,Blend,1667,378,F3,0.6,0.085,0.018,4.3,0.03,13.8,High,8.1
228,Brand_003,Pants,Cotton,966,192,F2,0.61,0.039,0.036,3.8,0.06,10.8,Medium,8.8
229,Brand_024,Hoodie,French Terry,1340,209,F3,0.75,0.081,0.045,4.3,0.03,11.6,Medium,6.6
230,Brand_032,Hoodie,Cotton,1813,370,F3,0.58,0.064,0.062,4.6,0.03,14.8,High,8.8
231,Brand_026,Jeans,Denim,476,120,F3,0.44,0.021,0.055,4.8,0.03,7.1,Low,9.0
232,Brand_002,Jeans,Denim,1856,376,F1,0.64,0.036,0.022,4.4,0.04,15.7,High,9.0
233,Brand_007,T-shirt,Blend,422,151,F1,0.77,0.094,0.047,4.4,0.04,9.5,Medium,8.1
234,Brand_024,Jacket,Nylon,51,176,F3,0.59,0.03,0.023,4.5,0.03,6.7,Medium,5.7
235,Brand_006,Dress,Silk,1659,138,F2,0.67,0.077,0.017,4.4,0.06,14.4,Low,9.7
236,Brand_003,Skirt,Polyester,1458,271,F3,0.33,0.071,0.077,4.4,0.03,11.3,High,8.2
237,Brand_042,Jacket,Nylon,1191,376,F3,0.92,0.038,0.025,4.4,0.03,15.0,High,5.7
238,Brand_005,Pants,Cotton,633,251,F3,0.55,0.039,0.065,3.9,0.03,9.3,High,8.8
239,Brand_023,Skirt,Silk,580,199,F1,0.6,0.073,0.017,4.4,0.04,10.6,Medium,9.7
240,Brand_012,Pants,Polyester,736,148,F1,0.82,0.089,0.025,3.6,0.04,10.0,Low,8.2
241,Brand_043,Pants,Blend,1505,392,F3,0.75,0.069,0.048,3.8,0.03,15.5,High,8.1
242,Brand_029,Jacket,Polyester,1327,357,F3,0.49,0.068,0.057,4.2,0.03,11.7,High,8.2
243,Brand_030,Jeans,Denim,686,266,F3,0.81,0.021,0.034,4.7,0.03,10.3,High,9.0
244,Brand_025,Jeans,Denim,337,266,F1,0.84,0.041,0.055,4.4,0.04,11.1,High,9.0
245,Brand_031,Sweater,Acrylic,122,235,F3,0.56,0.047,0.053,4.2,0.03,7.9,Medium,9.2
246,Brand_013,Dress,Silk,477,126,F1,0.75,0.042,0.051,4.5,0.04,9.7,Low,9.7
247,Brand_038,Sweater,Acrylic,1885,157,F3,0.53,0.074,0.08,4.5,0.03,13.4,Medium,9.2
248,Brand_007,Pants,Polyester,1871,215,F2,0.34,0.065,0.077,3.8,0.06,13.7,Medium,8.2
249,Brand_019,Dress,Polyester,336,307,F3,0.59,0.054,0.068,3.5,0.03,8.1,High,8.2
250,Brand_038,Sweater,Acrylic,1352,214,F2,0.41,0.099,0.075,4.3,0.06,11.8,Medium,9.2
251,Brand_015,T-shirt,Blend,1706,385,F3,0.66,0.07,0.016,4.6,0.03,15.0,High,8.1
252,Brand_001,Skirt,Cotton,1623,325,F1,0.34,0.029,0.026,4.0,0.04,12.9,High,8.8
253,Brand_025,Sweater,Cotton,410,357,F2,0.96,0.064,0.031,4.1,0.06,14.2,High,8.8
254,Brand_007,Hoodie,Fleece,360,361,F1,0.94,0.06,0.079,4.8,0.04,11.5,High,8.0
255,Brand_024,Hoodie,Cotton,539,111,F2,0.95,0.029,0.067,4.1,0.06,11.3,Low,8.8
256,Brand_001,Jeans,Denim,997,113,F2,0.36,0.052,0.022,4.5,0.06,10.0,Low,9.0
257,Brand_044,Jeans,Denim,1539,305,F1,0.98,0.071,0.068,3.7,0.04,16.9,High,9.0
258,Brand_030,Dress,Cotton,871,337,F2,0.42,0.06,0.038,3.7,0.06,11.6,High,8.8
259,Brand_017,Jacket,Nylon,1190,124,F1,0.46,0.026,0.064,3.7,0.04,10.4,Low,5.7
260,Brand_006,T-shirt,Polyester,1605,245,F3,0.49,0.088,0.01,3.5,0.03,12.4,Medium,8.2
261,Brand_038,Shorts,Denim,1203,159,F1,0.56,0.051,0.05,3.8,0.04,11.0,Medium,9.0
262,Brand_021,Hoodie,Cotton,739,352,F2,0.73,0.044,0.04,3.8,0.06,12.3,High,8.8
263,Brand_043,Jeans,Denim,198,255,F1,0.51,0.028,0.058,3.6,0.04,8.4,High,9.0
264,Brand_011,Shorts,Cotton,834,200,F1,0.73,0.045,0.054,4.3,0.04,11.0,Medium,8.8
265,Brand_035,Pants,Blend,1304,277,F3,0.39,0.091,0.041,3.8,0.03,10.6,High,8.1
266,Brand_032,Sweater,Cotton,1599,328,F1,0.57,0.097,0.027,3.7,0.04,13.2,High,8.8
267,Brand_002,Sweater,Wool,454,345,F2,0.85,0.067,0.058,3.8,0.06,11.8,High,7.1
268,Brand_031,Sweater,Acrylic,291,312,F2,0.44,0.025,0.013,4.1,0.06,10.2,High,9.2
269,Brand_001,T-shirt,Polyester,546,287,F2,0.75,0.06,0.029,3.7,0.06,12.2,High,8.2
270,Brand_011,Skirt,Silk,1300,332,F2,0.73,0.089,0.037,4.9,0.06,14.1,High,9.7
271,Brand_003,Dress,Polyester,674,204,F1,0.37,0.073,0.076,4.7,0.04,8.6,Medium,8.2
272,Brand_006,Dress,Silk,291,331,F1,0.62,0.071,0.056,4.8,0.04,9.8,High,9.7
273,Brand_005,Jacket,Polyester,249,178,F2,0.92,0.056,0.072,3.7,0.06,10.6,Medium,8.2
274,Brand_015,Jacket,Polyester,1081,299,F3,0.36,0.077,0.015,3.6,0.03,10.6,High,8.2
275,Brand_040,Skirt,Polyester,713,116,F1,0.97,0.079,0.035,3.9,0.04,11.6,Low,8.2
276,Brand_040,Sweater,Cotton,1464,127,F1,0.55,0.053,0.048,4.7,0.04,11.2,Low,8.8
277,Brand_044,Dress,Silk,569,237,F3,0.31,0.027,0.078,3.9,0.03,8.2,Medium,9.7
278,Brand_001,Skirt,Silk,1011,148,F3,0.48,0.041,0.015,4.9,0.03,10.0,Low,9.7
279,Brand_044,Skirt,Silk,168,289,F1,0.93,0.046,0.019,4.2,0.04,10.7,High,9.7
280,Brand_019,Skirt,Silk,209,387,F2,0.73,0.033,0.013,3.7,0.06,11.1,High,9.7
281,Brand_005,Jacket,Leather,1475,282,F2,0.37,0.05,0.049,4.1,0.06,12.7,High,9.1
282,Brand_015,Dress,Silk,1798,271,F2,0.44,0.091,0.055,3.9,0.06,13.9,High,9.7
283,Brand_029,Skirt,Cotton,1617,321,F2,0.9,0.088,0.074,3.9,0.06,16.4,High,8.8
284,Brand_011,Pants,Polyester,1977,337,F3,0.84,0.072,0.022,4.3,0.03,17.1,High,8.2
285,Brand_049,Skirt,Polyester,284,121,F1,0.68,0.078,0.018,4.5,0.04,7.6,Low,8.2
286,Brand_046,T-shirt,Polyester,1117,377,F3,0.68,0.067,0.046,3.9,0.03,13.0,High,8.2
287,Brand_030,Dress,Cotton,68,122,F1,0.78,0.09,0.055,4.6,0.04,7.9,Low,8.8
288,Brand_021,Sweater,Acrylic,1729,171,F3,0.47,0.078,0.079,3.6,0.03,11.3,Medium,9.2
289,Brand_032,Hoodie,Fleece,1297,109,F3,0.82,0.085,0.053,4.5,0.03,12.0,Low,8.0
290,Brand_003,Pants,Polyester,981,185,F3,0.89,0.087,0.068,3.5,0.03,10.6,Medium,8.2
291,Brand_027,Sweater,Wool,1706,119,F3,0.53,0.032,0.031,4.8,0.03,12.5,Low,7.1
292,Brand_032,Shorts,Polyester,585,326,F2,0.4,0.073,0.01,3.8,0.06,10.4,High,8.2
293,Brand_011,Hoodie,French Terry,251,137,F1,0.42,0.035,0.037,4.1,0.04,6.9,Low,6.6
294,Brand_018,Pants,Cotton,1588,315,F1,0.37,0.038,0.059,3.6,0.04,13.4,High,8.8
295,Brand_007,Skirt,Cotton,585,261,F1,0.72,0.068,0.012,4.0,0.04,10.3,High,8.8
296,Brand_028,Skirt,Silk,713,208,F3,0.82,0.099,0.025,4.7,0.03,10.8,Medium,9.7
297,Brand_006,Skirt,Polyester,68,272,F1,0.4,0.046,0.04,3.6,0.04,7.8,High,8.2
298,Brand_046,Shorts,Denim,812,217,F1,0.75,0.054,0.055,4.7,0.04,10.5,Medium,9.0
299,Brand_019,Dress,Cotton,448,297,F2,0.99,0.08,0.062,4.9,0.06,13.0,High,8.8
300,Brand_035,Jeans,Denim,187,149,F3,0.42,0.076,0.051,4.4,0.03,5.6,Low,9.0
301,Brand_028,Sweater,Wool,759,150,F2,0.96,0.041,0.04,4.8,0.06,12.0,Low,7.1
302,Brand_037,Pants,Polyester,98,173,F3,0.96,0.076,0.054,3.6,0.03,9.2,Medium,8.2
303,Brand_016,Sweater,Wool,1368,228,F2,0.85,0.021,0.014,3.8,0.06,14.4,Medium,7.1
304,Brand_011,Sweater,Cotton,1669,251,F2,0.63,0.021,0.03,3.6,0.06,14.1,High,8.8
305,Brand_010,Jacket,Nylon,1415,319,F3,0.49,0.042,0.065,5.0,0.03,11.9,High,5.7
306,Brand_047,Shorts,Denim,1802,304,F3,0.49,0.033,0.07,3.6,0.03,12.6,High,9.0
307,Brand_012,Shorts,Denim,1923,349,F2,0.69,0.048,0.032,4.7,0.06,16.7,High,9.0
308,Brand_049,Sweater,Cotton,721,347,F1,0.68,0.03,0.072,4.1,0.04,11.8,High,8.8
309,Brand_011,Jeans,Denim,1739,241,F1,0.81,0.099,0.028,4.5,0.04,15.0,Medium,9.0
310,Brand_044,Jeans,Denim,1988,260,F3,0.41,0.038,0.028,4.8,0.03,12.7,High,9.0
311,Brand_042,T-shirt,Polyester,1064,388,F3,0.67,0.029,0.07,4.6,0.03,13.0,High,8.2
312,Brand_010,Shorts,Polyester,578,197,F1,0.36,0.057,0.044,3.7,0.04,8.1,Medium,8.2
313,Brand_031,T-shirt,Blend,1587,121,F3,0.89,0.074,0.042,4.1,0.03,13.4,Low,8.1
314,Brand_016,Sweater,Acrylic,393,393,F3,0.86,0.057,0.014,4.7,0.03,12.7,High,9.2
315,Brand_003,Pants,Cotton,1009,131,F1,0.48,0.033,0.033,4.6,0.04,9.0,Low,8.8
316,Brand_020,Hoodie,Cotton,262,178,F2,0.92,0.09,0.027,4.2,0.06,10.7,Medium,8.8
317,Brand_050,Hoodie,Cotton,107,383,F1,0.84,0.022,0.015,4.2,0.04,11.0,High,8.8
318,Brand_021,Jacket,Leather,1061,326,F1,0.37,0.073,0.068,4.1,0.04,11.7,High,9.1
319,Brand_029,Dress,Polyester,1988,296,F2,0.98,0.036,0.047,3.9,0.06,18.1,High,8.2
320,Brand_044,Pants,Cotton,1670,171,F2,0.86,0.052,0.074,4.3,0.06,15.7,Medium,8.8
321,Brand_045,Pants,Blend,603,367,F1,0.42,0.069,0.035,4.8,0.04,10.4,High,8.1
322,Brand_048,Skirt,Polyester,269,228,F1,0.32,0.049,0.061,4.7,0.04,6.7,Medium,8.2
323,Brand_029,Skirt,Silk,662,359,F2,0.86,0.097,0.07,3.7,0.06,13.1,High,9.7
324,Brand_023,Dress,Cotton,1202,162,F2,0.64,0.03,0.061,4.0,0.06,12.8,Medium,8.8
325,Brand_017,Skirt,Silk,973,201,F2,0.99,0.072,0.019,4.5,0.06,13.4,Medium,9.7
326,Brand_030,Jeans,Denim,1071,232,F1,0.98,0.047,0.031,4.9,0.04,13.7,Medium,9.0
327,Brand_013,Pants,Polyester,695,310,F3,0.83,0.099,0.073,4.5,0.03,11.1,High,8.2
328,Brand_046,Hoodie,French Terry,1031,230,F2,0.92,0.062,0.027,3.7,0.06,13.3,Medium,6.6
329,Brand_008,Pants,Polyester,1291,289,F1,0.8,0.054,0.073,4.6,0.04,14.0,High,8.2
330,Brand_023,Shorts,Polyester,328,275,F3,0.7,0.079,0.066,4.8,0.03,8.8,High,8.2
331,Brand_008,Skirt,Silk,1932,388,F3,0.39,0.074,0.033,4.5,0.03,14.2,High,9.7
332,Brand_045,Shorts,Denim,1017,346,F3,0.5,0.071,0.059,4.3,0.03,11.7,High,9.0
333,Brand_024,Skirt,Polyester,1879,242,F3,0.45,0.023,0.031,4.5,0.03,13.4,Medium,8.2
334,Brand_026,Hoodie,Cotton,894,306,F3,0.48,0.093,0.057,4.3,0.03,10.9,High,8.8
335,Brand_026,Skirt,Cotton,1676,145,F3,0.62,0.089,0.048,4.1,0.03,12.0,Low,8.8
336,Brand_012,Sweater,Cotton,905,369,F1,0.94,0.042,0.07,3.9,0.04,14.0,High,8.8
337,Brand_035,Sweater,Cotton,996,374,F3,0.86,0.021,0.077,4.6,0.03,13.9,High,8.8
338,Brand_038,Skirt,Cotton,1581,374,F2,0.91,0.029,0.059,4.3,0.06,16.7,High,8.8
339,Brand_008,Jeans,Denim,985,385,F3,0.33,0.065,0.03,4.7,0.03,11.2,High,9.0
340,Brand_010,Jacket,Leather,117,363,F1,0.91,0.046,0.034,5.0,0.04,11.9,High,9.1
341,Brand_004,Shorts,Denim,1328,282,F3,0.67,0.087,0.03,4.1,0.03,13.1,High,9.0
342,Brand_004,Jeans,Denim,1542,354,F1,0.76,0.04,0.025,4.2,0.04,14.7,High,9.0
343,Brand_042,Dress,Silk,1062,300,F2,0.94,0.074,0.068,4.8,0.06,15.0,High,9.7
344,Brand_031,Jacket,Polyester,1504,175,F1,0.63,0.031,0.034,3.7,0.04,13.9,Medium,8.2
345,Brand_050,Sweater,Cotton,455,331,F3,0.96,0.056,0.065,4.5,0.03,11.3,High,8.8
346,Brand_006,Pants,Polyester,821,175,F2,0.64,0.072,0.077,4.4,0.06,11.3,Medium,8.2
347,Brand_020,Shorts,Cotton,1000,356,F1,0.49,0.053,0.072,3.5,0.04,12.0,High,8.8
348,Brand_007,T-shirt,Cotton,332,235,F3,0.47,0.058,0.042,4.2,0.03,7.7,Medium,8.8
349,Brand_043,T-shirt,Polyester,916,241,F3,0.73,0.042,0.024,4.3,0.03,11.1,Medium,8.2
350,Brand_010,Pants,Polyester,390,344,F2,0.7,0.061,0.031,4.9,0.06,11.3,High,8.2
351,Brand_031,Hoodie,Fleece,1850,136,F3,0.5,0.085,0.047,4.8,0.03,11.9,Low,8.0
352,Brand_035,Sweater,Acrylic,1777,366,F2,0.33,0.056,0.075,3.7,0.06,14.7,High,9.2
353,Brand_033,Jacket,Polyester,1241,207,F3,0.81,0.091,0.057,3.9,0.03,11.8,Medium,8.2
354,Brand_005,Hoodie,Cotton,651,202,F3,0.97,0.078,0.07,3.5,0.03,11.7,Medium,8.8
355,Brand_040,Skirt,Cotton,1743,314,F1,0.33,0.09,0.028,4.5,0.04,13.5,High,8.8
356,Brand_048,Sweater,Wool,534,246,F2,0.72,0.064,0.073,4.1,0.06,11.8,Medium,7.1
357,Brand_007,Shorts,Polyester,1828,242,F1,0.82,0.053,0.055,4.5,0.04,15.3,Medium,8.2
358,Brand_022,Dress,Cotton,959,309,F3,0.4,0.029,0.021,3.8,0.03,10.8,High,8.8
359,Brand_048,Pants,Polyester,503,254,F2,0.82,0.062,0.068,5.0,0.06,12.0,High,8.2
360,Brand_049,Jeans,Denim,317,334,F3,0.64,0.066,0.013,3.7,0.03,10.2,High,9.0
361,Brand_035,T-shirt,Polyester,98,226,F1,0.54,0.078,0.056,4.8,0.04,7.6,Medium,8.2
362,Brand_040,T-shirt,Polyester,660,172,F1,0.51,0.083,0.041,4.7,0.04,10.0,Medium,8.2
363,Brand_009,Sweater,Wool,1524,294,F2,0.9,0.093,0.04,4.0,0.06,15.0,High,7.1
364,Brand_040,T-shirt,Cotton,1898,217,F3,0.79,0.075,0.036,3.8,0.03,15.1,Medium,8.8
365,Brand_002,Dress,Silk,982,106,F2,0.4,0.091,0.034,3.7,0.06,9.8,Low,9.7
366,Brand_034,Skirt,Cotton,1492,225,F1,0.72,0.028,0.069,4.3,0.04,13.3,Medium,8.8
367,Brand_035,Jeans,Denim,1761,215,F1,0.71,0.065,0.017,3.8,0.04,14.2,Medium,9.0
368,Brand_018,Skirt,Silk,606,359,F1,0.37,0.037,0.075,4.1,0.04,10.3,High,9.7
369,Brand_012,Jeans,Denim,1636,361,F2,0.83,0.057,0.03,4.9,0.06,17.0,High,9.0
370,Brand_003,Sweater,Acrylic,1781,373,F2,0.88,0.099,0.03,4.9,0.06,17.3,High,9.2
371,Brand_010,T-shirt,Blend,1573,208,F3,0.98,0.082,0.079,4.2,0.03,13.7,Medium,8.1
372,Brand_024,Skirt,Silk,870,141,F2,0.88,0.077,0.022,4.3,0.06,12.2,Low,9.7
373,Brand_004,Jeans,Denim,432,120,F2,0.98,0.065,0.034,4.4,0.06,10.9,Low,9.0
374,Brand_035,Jeans,Denim,1184,238,F2,0.45,0.083,0.061,4.0,0.06,11.4,Medium,9.0
375,Brand_025,Skirt,Polyester,1287,348,F1,0.85,0.057,0.061,3.7,0.04,14.8,High,8.2
376,Brand_029,Jacket,Nylon,1959,246,F3,0.39,0.067,0.052,4.0,0.03,13.4,Medium,5.7
377,Brand_041,Skirt,Cotton,1632,239,F3,0.33,0.08,0.048,3.6,0.03,11.4,Medium,8.8
378,Brand_036,Jeans,Denim,1067,111,F1,0.98,0.096,0.046,3.6,0.04,13.2,Low,9.0
379,Brand_050,Jeans,Denim,869,169,F1,0.71,0.05,0.03,3.8,0.04,10.4,Medium,9.0
380,Brand_037,Jeans,Denim,764,291,F1,0.64,0.066,0.071,5.0,0.04,11.9,High,9.0
381,Brand_045,Hoodie,Cotton,131,191,F1,0.88,0.081,0.05,4.9,0.04,9.2,Medium,8.8
382,Brand_005,Pants,Cotton,165,324,F3,0.93,0.025,0.072,4.2,0.03,10.5,High,8.8
383,Brand_029,Jacket,Polyester,1086,288,F1,0.95,0.022,0.043,4.5,0.04,14.3,High,8.2
384,Brand_023,Sweater,Wool,1883,225,F3,0.75,0.086,0.033,4.6,0.03,14.9,Medium,7.1
385,Brand_040,Hoodie,Fleece,1359,156,F3,0.86,0.099,0.024,5.0,0.03,12.4,Medium,8.0
386,Brand_019,Skirt,Polyester,1622,100,F2,0.35,0.02,0.076,4.7,0.06,11.4,Low,8.2
387,Brand_007,Pants,Blend,250,226,F2,0.92,0.076,0.017,4.1,0.06,10.6,Medium,8.1
388,Brand_037,T-shirt,Blend,1333,174,F1,0.54,0.029,0.067,4.9,0.04,12.0,Medium,8.1
389,Brand_017,Jacket,Nylon,1363,144,F1,0.97,0.062,0.031,3.6,0.04,14.2,Low,5.7
390,Brand_037,Jeans,Denim,1729,287,F2,0.4,0.077,0.057,3.8,0.06,14.0,High,9.0
391,Brand_033,Jacket,Polyester,1363,394,F2,0.58,0.043,0.021,3.9,0.06,14.8,High,8.2
392,Brand_040,Sweater,Acrylic,1880,332,F1,0.45,0.023,0.025,4.1,0.04,14.3,High,9.2
393,Brand_008,Jacket,Nylon,1354,313,F1,0.43,0.078,0.071,4.2,0.04,12.5,High,5.7
394,Brand_021,Jacket,Nylon,709,259,F2,0.67,0.057,0.026,4.0,0.06,12.3,High,5.7
395,Brand_019,Pants,Blend,896,121,F1,0.69,0.03,0.074,4.6,0.04,9.7,Low,8.1
396,Brand_011,T-shirt,Blend,1363,347,F1,0.74,0.024,0.062,4.0,0.04,14.2,High,8.1
397,Brand_039,Shorts,Denim,1040,340,F2,0.66,0.024,0.029,4.6,0.06,13.1,High,9.0
398,Brand_047,T-shirt,Cotton,1724,220,F1,0.55,0.042,0.069,4.0,0.04,13.9,Medium,8.8
399,Brand_035,Sweater,Acrylic,661,240,F2,0.6,0.05,0.076,4.5,0.06,11.4,Medium,9.2
400,Brand_040,Skirt,Silk,1802,219,F2,0.77,0.031,0.028,4.8,0.06,15.5,Medium,9.7
401,Brand_004,T-shirt,Blend,1174,123,F1,0.83,0.096,0.059,3.9,0.04,12.0,Low,8.1
402,Brand_007,Dress,Silk,1725,392,F3,0.33,0.049,0.077,4.3,0.03,13.3,High,9.7
403,Brand_039,Jeans,Denim,1626,245,F3,0.74,0.082,0.01,4.8,0.03,13.8,Medium,9.0
404,Brand_015,Jeans,Denim,1173,130,F1,0.8,0.05,0.071,4.6,0.04,11.1,Low,9.0
405,Brand_027,Skirt,Cotton,1173,208,F3,0.83,0.023,0.038,4.9,0.03,12.4,Medium,8.8
406,Brand_017,Jacket,Nylon,375,248,F1,0.78,0.057,0.051,3.6,0.04,9.9,Medium,5.7
407,Brand_040,Hoodie,Cotton,284,326,F3,0.77,0.086,0.065,4.3,0.03,10.3,High,8.8
408,Brand_048,Hoodie,Cotton,1598,264,F1,0.94,0.087,0.06,4.9,0.04,14.9,High,8.8
409,Brand_029,Dress,Cotton,724,210,F2,0.53,0.092,0.029,4.6,0.06,11.3,Medium,8.8
410,Brand_024,Dress,Cotton,168,255,F3,0.49,0.038,0.019,4.8,0.03,7.4,High,8.8
411,Brand_025,Pants,Blend,1575,280,F1,0.35,0.051,0.036,3.8,0.04,11.5,High,8.1
412,Brand_008,Sweater,Wool,714,132,F3,0.82,0.038,0.055,4.4,0.03,9.5,Low,7.1
413,Brand_029,Jacket,Polyester,769,142,F1,0.76,0.064,0.072,4.5,0.04,11.0,Low,8.2
414,Brand_024,T-shirt,Polyester,1032,316,F1,0.5,0.037,0.021,4.8,0.04,11.8,High,8.2
415,Brand_014,Jeans,Denim,1998,256,F1,0.47,0.059,0.062,4.2,0.04,14.2,High,9.0
416,Brand_030,Sweater,Wool,1216,387,F1,0.35,0.049,0.026,3.8,0.04,12.4,High,7.1
417,Brand_028,Pants,Cotton,411,125,F2,0.89,0.045,0.029,5.0,0.06,10.9,Low,8.8
418,Brand_016,Hoodie,French Terry,912,148,F3,0.96,0.047,0.061,4.3,0.03,11.5,Low,6.6
419,Brand_035,Hoodie,French Terry,208,273,F1,0.34,0.032,0.011,4.4,0.04,7.2,High,6.6
420,Brand_024,Pants,Cotton,995,325,F2,0.47,0.06,0.058,3.6,0.06,12.2,High,8.8
421,Brand_043,Skirt,Cotton,1367,161,F1,0.86,0.057,0.048,4.1,0.04,12.4,Medium,8.8
422,Brand_023,Hoodie,Fleece,1308,207,F3,0.89,0.098,0.066,4.8,0.03,12.8,Medium,8.0
423,Brand_019,Shorts,Cotton,1741,169,F3,0.38,0.071,0.045,4.1,0.03,11.5,Medium,8.8
424,Brand_039,Jeans,Denim,1405,238,F1,0.62,0.094,0.022,3.8,0.04,13.1,Medium,9.0
425,Brand_029,Pants,Polyester,203,359,F1,0.88,0.079,0.035,4.5,0.04,11.5,High,8.2
426,Brand_048,Hoodie,Fleece,979,346,F1,0.57,0.088,0.064,4.0,0.04,12.1,High,8.0
427,Brand_018,Hoodie,French Terry,1679,138,F3,0.85,0.097,0.063,4.8,0.03,13.9,Low,6.6
428,Brand_029,T-shirt,Blend,1621,200,F3,0.56,0.064,0.066,3.6,0.03,12.5,Medium,8.1
429,Brand_047,Shorts,Cotton,219,351,F2,0.42,0.061,0.067,3.9,0.06,9.5,High,8.8
430,Brand_029,Sweater,Cotton,1949,240,F2,0.3,0.092,0.021,5.0,0.06,13.1,Medium,8.8
431,Brand_015,Pants,Cotton,595,228,F3,0.33,0.081,0.036,4.1,0.03,8.1,Medium,8.8
432,Brand_050,Hoodie,French Terry,1698,190,F1,0.49,0.07,0.079,4.1,0.04,12.7,Medium,6.6
433,Brand_017,Shorts,Denim,742,190,F3,0.59,0.088,0.073,4.8,0.03,9.7,Medium,9.0
434,Brand_024,Sweater,Wool,1974,292,F2,0.42,0.089,0.03,4.9,0.06,15.3,High,7.1
435,Brand_002,Pants,Polyester,758,355,F3,0.61,0.066,0.046,4.6,0.03,10.8,High,8.2
436,Brand_036,Hoodie,French Terry,1376,253,F2,0.92,0.054,0.065,4.2,0.06,14.5,High,6.6
437,Brand_045,Skirt,Silk,1472,341,F2,0.44,0.067,0.023,4.0,0.06,13.7,High,9.7
438,Brand_036,Sweater,Wool,1578,370,F1,0.92,0.057,0.017,4.7,0.04,16.4,High,7.1
439,Brand_009,Sweater,Cotton,238,263,F2,0.79,0.082,0.056,3.7,0.06,10.8,High,8.8
440,Brand_030,Jacket,Nylon,1321,215,F1,0.6,0.023,0.019,4.6,0.04,12.7,Medium,5.7
441,Brand_006,Hoodie,Fleece,874,348,F2,0.34,0.049,0.061,3.8,0.06,12.0,High,8.0
442,Brand_044,Shorts,Polyester,391,137,F2,0.81,0.071,0.039,4.6,0.06,10.0,Low,8.2
443,Brand_043,Dress,Silk,1899,129,F2,0.53,0.077,0.067,3.8,0.06,14.1,Low,9.7
444,Brand_022,Jeans,Denim,1959,327,F3,0.99,0.08,0.038,4.4,0.03,16.7,High,9.0
445,Brand_004,Shorts,Cotton,802,371,F2,0.35,0.064,0.06,3.8,0.06,11.7,High,8.8
446,Brand_015,Shorts,Polyester,1724,109,F2,0.64,0.049,0.076,4.4,0.06,14.1,Low,8.2
447,Brand_003,T-shirt,Polyester,1708,201,F3,0.85,0.077,0.022,5.0,0.03,13.5,Medium,8.2
448,Brand_023,T-shirt,Blend,1856,195,F1,0.37,0.084,0.019,3.7,0.04,12.5,Medium,8.1
449,Brand_027,Sweater,Cotton,558,225,F2,0.54,0.022,0.014,3.7,0.06,10.5,Medium,8.8
450,Brand_035,Hoodie,Fleece,294,102,F1,0.38,0.081,0.057,4.2,0.04,5.9,Low,8.0
451,Brand_044,Jacket,Leather,241,164,F1,0.52,0.059,0.045,4.1,0.04,7.4,Medium,9.1
452,Brand_038,T-shirt,Blend,127,388,F1,0.98,0.055,0.026,4.6,0.04,12.0,High,8.1
453,Brand_002,Dress,Silk,1924,267,F2,0.34,0.06,0.06,4.8,0.06,14.4,High,9.7
454,Brand_025,Dress,Cotton,1556,246,F1,0.58,0.031,0.071,3.7,0.04,12.9,Medium,8.8
455,Brand_033,Pants,Cotton,501,250,F3,0.52,0.085,0.045,3.6,0.03,9.1,Medium,8.8
456,Brand_032,Jeans,Denim,1699,371,F1,0.99,0.07,0.027,3.7,0.04,16.8,High,9.0
457,Brand_012,Pants,Blend,162,111,F2,0.5,0.045,0.035,4.4,0.06,8.2,Low,8.1
458,Brand_009,T-shirt,Blend,895,168,F1,0.35,0.083,0.03,4.1,0.04,8.6,Medium,8.1
459,Brand_021,Pants,Blend,68,313,F2,0.53,0.025,0.036,4.9,0.06,10.1,High,8.1
460,Brand_026,Dress,Cotton,1664,314,F2,0.44,0.053,0.063,3.7,0.06,14.9,High,8.8
461,Brand_016,Skirt,Polyester,1102,379,F2,0.49,0.055,0.079,3.6,0.06,12.6,High,8.2
462,Brand_015,Pants,Blend,567,157,F1,0.38,0.052,0.062,4.6,0.04,8.0,Medium,8.1
463,Brand_005,Pants,Cotton,474,318,F1,0.66,0.026,0.052,4.3,0.04,11.0,High,8.8
464,Brand_029,T-shirt,Cotton,1865,173,F3,0.78,0.032,0.052,3.8,0.03,14.6,Medium,8.8
465,Brand_003,Dress,Cotton,1568,329,F2,0.35,0.054,0.059,4.2,0.06,13.7,High,8.8
466,Brand_011,Skirt,Cotton,1382,389,F1,0.79,0.05,0.049,4.2,0.04,14.6,High,8.8
467,Brand_036,Pants,Blend,1425,147,F2,0.71,0.062,0.027,3.5,0.06,14.2,Low,8.1
468,Brand_006,Pants,Blend,1388,249,F3,0.96,0.021,0.064,4.4,0.03,13.5,Medium,8.1
469,Brand_022,Jacket,Nylon,463,124,F3,0.34,0.07,0.037,4.9,0.03,6.9,Low,5.7
470,Brand_032,Jacket,Nylon,1723,172,F1,0.89,0.035,0.057,5.0,0.04,14.5,Medium,5.7
471,Brand_006,Hoodie,Cotton,706,382,F3,0.6,0.027,0.062,4.9,0.03,10.5,High,8.8
472,Brand_023,Dress,Silk,1678,172,F2,0.61,0.1,0.026,4.3,0.06,13.5,Medium,9.7
473,Brand_016,Shorts,Cotton,1114,269,F3,0.79,0.036,0.056,4.7,0.03,12.4,High,8.8
474,Brand_029,Pants,Cotton,1439,168,F3,0.35,0.093,0.035,4.1,0.03,10.2,Medium,8.8
475,Brand_043,Jeans,Denim,1903,260,F2,0.77,0.026,0.077,4.8,0.06,16.4,High,9.0
476,Brand_005,Shorts,Cotton,1516,176,F3,0.85,0.052,0.046,3.9,0.03,13.4,Medium,8.8
477,Brand_019,Jacket,Leather,652,337,F3,0.5,0.082,0.04,3.8,0.03,9.8,High,9.1
478,Brand_020,Jeans,Denim,845,281,F2,0.9,0.023,0.065,4.1,0.06,14.1,High,9.0
479,Brand_018,Dress,Polyester,1643,222,F3,0.79,0.054,0.041,4.5,0.03,13.5,Medium,8.2
480,Brand_044,T-shirt,Polyester,1212,285,F1,0.32,0.044,0.045,3.6,0.04,11.5,High,8.2
481,Brand_025,Hoodie,French Terry,871,187,F2,0.95,0.028,0.064,4.1,0.06,12.3,Medium,6.6
482,Brand_026,Hoodie,Cotton,1111,232,F2,0.85,0.095,0.062,4.6,0.06,14.1,Medium,8.8
483,Brand_003,Dress,Silk,352,183,F2,0.61,0.084,0.011,4.9,0.06,10.4,Medium,9.7
484,Brand_005,Skirt,Cotton,1738,376,F2,0.82,0.026,0.071,4.7,0.06,16.1,High,8.8
485,Brand_018,T-shirt,Cotton,1887,131,F1,0.87,0.083,0.054,4.1,0.04,14.1,Low,8.8
486,Brand_028,T-shirt,Polyester,930,312,F3,0.93,0.026,0.068,4.0,0.03,12.6,High,8.2
487,Brand_023,Shorts,Cotton,474,217,F2,0.86,0.091,0.034,4.2,0.06,11.3,Medium,8.8
488,Brand_046,Jacket,Leather,506,384,F1,0.62,0.053,0.061,4.1,0.04,11.2,High,9.1
489,Brand_012,Skirt,Silk,1697,144,F1,0.42,0.02,0.06,4.6,0.04,11.2,Low,9.7
490,Brand_048,Dress,Polyester,338,308,F1,0.59,0.079,0.072,3.7,0.04,9.8,High,8.2
491,Brand_045,Jacket,Polyester,1069,214,F1,0.46,0.062,0.053,3.9,0.04,10.5,Medium,8.2
492,Brand_023,Hoodie,French Terry,196,217,F3,0.45,0.097,0.053,4.3,0.03,6.9,Medium,6.6
493,Brand_001,Dress,Polyester,1248,388,F3,0.6,0.063,0.059,4.6,0.03,13.1,High,8.2
494,Brand_034,T-shirt,Cotton,1572,240,F2,0.91,0.071,0.047,3.7,0.06,14.9,Medium,8.8
495,Brand_024,Pants,Cotton,1506,344,F3,0.38,0.047,0.02,4.5,0.03,12.2,High,8.8
496,Brand_007,Shorts,Polyester,354,106,F3,0.84,0.096,0.064,4.4,0.03,7.9,Low,8.2
497,Brand_016,Hoodie,Fleece,220,124,F3,0.77,0.053,0.072,3.8,0.03,8.2,Low,8.0
498,Brand_011,Shorts,Denim,1895,255,F1,0.79,0.08,0.043,4.8,0.04,15.6,High,9.0
499,Brand_034,Dress,Cotton,474,217,F1,0.85,0.056,0.023,4.8,0.04,10.6,Medium,8.8
500,Brand_001,Pants,Blend,1766,129,F1,0.75,0.021,0.03,3.8,0.04,14.0,Low,8.1
